rapidez, referencia, tiempo, pid,-0.05,0.33,1.50529718399,100,
rapidez, referencia, tiempo, pid,-0.05,0.33,1.57200217247,100,
rapidez, referencia, tiempo, pid,-0.05,0.33,1.5844180584,100,
rapidez, referencia, tiempo, pid,-0.05,0.33,1.59700512886,100,
rapidez, referencia, tiempo, pid,-0.05,0.33,1.60895419121,100,
rapidez, referencia, tiempo, pid,-0.05,0.33,1.6221871376,100,
rapidez, referencia, tiempo, pid,-0.05,0.33,1.63478112221,100,
rapidez, referencia, tiempo, pid,-0.05,0.33,1.64656710625,100,
rapidez, referencia, tiempo, pid,-0.05,0.33,1.65870904922,100,
rapidez, referencia, tiempo, pid,-0.05,0.33,1.67205405235,100,
rapidez, referencia, tiempo, pid,-0.05,0.33,1.68465805054,100,
rapidez, referencia, tiempo, pid,-0.05,0.33,1.69648098946,100,
rapidez, referencia, tiempo, pid,-0.05,0.33,1.70871710777,100,
rapidez, referencia, tiempo, pid,-0.05,0.33,1.72213101387,100,
rapidez, referencia, tiempo, pid,-0.05,0.33,1.73472499847,100,
rapidez, referencia, tiempo, pid,-0.05,0.33,1.74643206596,100,
rapidez, referencia, tiempo, pid,-0.05,0.33,1.7591650486,100,
rapidez, referencia, tiempo, pid,-0.05,0.33,1.77201199532,100,
rapidez, referencia, tiempo, pid,-0.05,0.33,1.78454899788,100,
rapidez, referencia, tiempo, pid,-0.05,0.33,1.7957110405,100,
rapidez, referencia, tiempo, pid,-0.05,0.33,1.80887198448,100,
rapidez, referencia, tiempo, pid,0.0691635425378,0.33,1.81772398949,100,
rapidez, referencia, tiempo, pid,0.0691635425378,0.33,1.83030700684,100,
rapidez, referencia, tiempo, pid,0.0691635425378,0.33,1.84315609932,100,
rapidez, referencia, tiempo, pid,0.0691635425378,0.33,1.85573196411,100,
rapidez, referencia, tiempo, pid,0.0691635425378,0.33,1.86778712273,100,
rapidez, referencia, tiempo, pid,0.0691635425378,0.33,1.88250398636,100,
rapidez, referencia, tiempo, pid,0.0691635425378,0.33,1.89328718185,100,
rapidez, referencia, tiempo, pid,0.0691635425378,0.33,1.90514206886,100,
rapidez, referencia, tiempo, pid,0.0691635425378,0.33,1.91735911369,100,
rapidez, referencia, tiempo, pid,0.0691635425378,0.33,1.93023300171,100,
rapidez, referencia, tiempo, pid,0.0691635425378,0.33,1.94311904907,100,
rapidez, referencia, tiempo, pid,0.0691635425378,0.33,1.95469212532,100,
rapidez, referencia, tiempo, pid,0.0691635425378,0.33,1.96735596657,100,
rapidez, referencia, tiempo, pid,0.0691635425378,0.33,1.98023915291,100,
rapidez, referencia, tiempo, pid,0.0691635425378,0.33,1.99233198166,100,
rapidez, referencia, tiempo, pid,0.0691635425378,0.33,2.00449609756,100,
rapidez, referencia, tiempo, pid,0.0691635425378,0.33,2.017359972,100,
rapidez, referencia, tiempo, pid,0.0691635425378,0.33,2.02939915657,100,
rapidez, referencia, tiempo, pid,0.0691635425378,0.33,2.04234313965,100,
rapidez, referencia, tiempo, pid,0.0691635425378,0.33,2.05507802963,100,
rapidez, referencia, tiempo, pid,0.0691635425378,0.33,2.06756806374,100,
rapidez, referencia, tiempo, pid,0.0691635425378,0.33,2.07956600189,100,
rapidez, referencia, tiempo, pid,0.0691635425378,0.33,2.09208798409,100,
rapidez, referencia, tiempo, pid,0.0691635425378,0.33,2.10399508476,100,
rapidez, referencia, tiempo, pid,0.0691635425378,0.33,2.11662507057,100,
rapidez, referencia, tiempo, pid,0.0691635425378,0.33,2.12924098969,100,
rapidez, referencia, tiempo, pid,0.0691635425378,0.33,2.1420841217,100,
rapidez, referencia, tiempo, pid,0.0691635425378,0.33,2.15506505966,100,
rapidez, referencia, tiempo, pid,0.0691635425378,0.33,2.16751909256,100,
rapidez, referencia, tiempo, pid,0.0691635425378,0.33,2.17892313004,100,
rapidez, referencia, tiempo, pid,0.0691635425378,0.33,2.19173407555,100,
rapidez, referencia, tiempo, pid,0.327522031881,0.33,2.20137119293,100,
rapidez, referencia, tiempo, pid,0.327522031881,0.33,2.2131690979,100,
rapidez, referencia, tiempo, pid,0.327522031881,0.33,2.22603106499,100,
rapidez, referencia, tiempo, pid,0.327522031881,0.33,2.23860001564,100,
rapidez, referencia, tiempo, pid,0.327522031881,0.33,2.25146698952,100,
rapidez, referencia, tiempo, pid,0.327522031881,0.33,2.26329612732,100,
rapidez, referencia, tiempo, pid,0.327522031881,0.33,2.27564311028,100,
rapidez, referencia, tiempo, pid,0.327522031881,0.33,2.28857898712,100,
rapidez, referencia, tiempo, pid,0.327522031881,0.33,2.30043196678,100,
rapidez, referencia, tiempo, pid,0.327522031881,0.33,2.31263208389,100,
rapidez, referencia, tiempo, pid,0.327522031881,0.33,2.32569217682,100,
rapidez, referencia, tiempo, pid,0.327522031881,0.33,2.33857512474,100,
rapidez, referencia, tiempo, pid,0.327522031881,0.33,2.35045814514,100,
rapidez, referencia, tiempo, pid,0.327522031881,0.33,2.36264419556,100,
rapidez, referencia, tiempo, pid,0.327522031881,0.33,2.37551617622,100,
rapidez, referencia, tiempo, pid,0.327522031881,0.33,2.38963413239,100,
rapidez, referencia, tiempo, pid,0.327522031881,0.33,2.39996814728,100,
rapidez, referencia, tiempo, pid,0.327522031881,0.33,2.412940979,100,
rapidez, referencia, tiempo, pid,0.327522031881,0.33,2.42584896088,100,
rapidez, referencia, tiempo, pid,0.327522031881,0.33,2.43767905235,100,
rapidez, referencia, tiempo, pid,0.327522031881,0.33,2.45020103455,100,
rapidez, referencia, tiempo, pid,0.485566323,0.33,2.45989203453,100,
rapidez, referencia, tiempo, pid,0.485566323,0.33,2.47188210487,100,
rapidez, referencia, tiempo, pid,0.485566323,0.33,2.48445510864,100,
rapidez, referencia, tiempo, pid,0.485566323,0.33,2.49733996391,100,
rapidez, referencia, tiempo, pid,0.485566323,0.33,2.50913405418,100,
rapidez, referencia, tiempo, pid,0.485566323,0.33,2.52199411392,100,
rapidez, referencia, tiempo, pid,0.485566323,0.33,2.53427910805,100,
rapidez, referencia, tiempo, pid,0.485566323,0.33,2.54733419418,100,
rapidez, referencia, tiempo, pid,0.485566323,0.33,2.55879497528,100,
rapidez, referencia, tiempo, pid,0.485566323,0.33,2.5720500946,100,
rapidez, referencia, tiempo, pid,0.485566323,0.33,2.5842859745,100,
rapidez, referencia, tiempo, pid,0.485566323,0.33,2.59631419182,100,
rapidez, referencia, tiempo, pid,0.485566323,0.33,2.60853600502,100,
rapidez, referencia, tiempo, pid,0.485566323,0.33,2.62198114395,100,
rapidez, referencia, tiempo, pid,0.485566323,0.33,2.63343000412,100,
rapidez, referencia, tiempo, pid,0.485566323,0.33,2.6463470459,100,
rapidez, referencia, tiempo, pid,0.641925727006,0.33,2.65588307381,100,
rapidez, referencia, tiempo, pid,0.641925727006,0.33,2.66888213158,100,
rapidez, referencia, tiempo, pid,0.641925727006,0.33,2.68004512787,100,
rapidez, referencia, tiempo, pid,0.641925727006,0.33,2.69267511368,100,
rapidez, referencia, tiempo, pid,0.641925727006,0.33,2.70529317856,100,
rapidez, referencia, tiempo, pid,0.641925727006,0.33,2.71813106537,79.0143765019,
rapidez, referencia, tiempo, pid,0.641925727006,0.33,2.73053097725,54.2431398016,
rapidez, referencia, tiempo, pid,0.641925727006,0.33,2.74363803864,29.4719031014,
rapidez, referencia, tiempo, pid,0.641925727006,0.33,2.75588202477,4.70066640117,
rapidez, referencia, tiempo, pid,0.591925727006,0.33,2.76757907867,-20.0705702991,
rapidez, referencia, tiempo, pid,0.591925727006,0.33,2.78006005287,96.1298877135,
rapidez, referencia, tiempo, pid,0.591925727006,0.33,2.792730093,75.3293457261,
rapidez, referencia, tiempo, pid,0.591925727006,0.33,2.80502414703,54.5288037387,
rapidez, referencia, tiempo, pid,0.591925727006,0.33,2.81785106659,33.7282617512,
rapidez, referencia, tiempo, pid,0.591925727006,0.33,2.83108711243,12.9277197638,
rapidez, referencia, tiempo, pid,0.541925727006,0.33,2.84219813347,-7.87282222362,
rapidez, referencia, tiempo, pid,0.590586946545,0.33,2.85216999054,-10,
rapidez, referencia, tiempo, pid,0.540586946545,0.33,2.86402606964,-49.5636801306,
rapidez, referencia, tiempo, pid,0.540586946545,0.33,2.87656998634,70.7137903648,
rapidez, referencia, tiempo, pid,0.540586946545,0.33,2.88928103447,53.9902608602,
rapidez, referencia, tiempo, pid,0.540586946545,0.33,2.90249609947,37.2667313556,
rapidez, referencia, tiempo, pid,0.540586946545,0.33,2.91396403313,20.543201851,
rapidez, referencia, tiempo, pid,0.540586946545,0.33,2.92654109001,3.8196723464,
rapidez, referencia, tiempo, pid,0.490586946545,0.33,2.94218802452,-12.9038571582,
rapidez, referencia, tiempo, pid,0.490586946545,0.33,2.95487809181,100,
rapidez, referencia, tiempo, pid,0.490586946545,0.33,2.96768903732,98.5914732582,
rapidez, referencia, tiempo, pid,0.490586946545,0.33,2.97924017906,85.8386384664,
rapidez, referencia, tiempo, pid,0.490586946545,0.33,2.99142599106,73.0858036746,
rapidez, referencia, tiempo, pid,0.490586946545,0.33,3.00261998177,60.3329688828,
rapidez, referencia, tiempo, pid,0.490586946545,0.33,3.01418805122,47.580134091,
rapidez, referencia, tiempo, pid,0.490586946545,0.33,3.02630496025,34.8272992992,
rapidez, referencia, tiempo, pid,0.490586946545,0.33,3.04119205475,22.0744645074,
rapidez, referencia, tiempo, pid,0.582812887251,0.33,3.05065011978,-10,
rapidez, referencia, tiempo, pid,0.532812887251,0.33,3.06354904175,-10,
rapidez, referencia, tiempo, pid,0.482812887251,0.33,3.07555699348,-10,
rapidez, referencia, tiempo, pid,0.432812887251,0.33,3.08792996407,-28.9904917012,
rapidez, referencia, tiempo, pid,0.432812887251,0.33,3.10065102577,99.8457365425,
rapidez, referencia, tiempo, pid,0.432812887251,0.33,3.11365413666,91.6809647861,
rapidez, referencia, tiempo, pid,0.432812887251,0.33,3.12643504143,83.5161930298,
rapidez, referencia, tiempo, pid,0.432812887251,0.33,3.13925719261,75.3514212735,
rapidez, referencia, tiempo, pid,0.432812887251,0.33,3.15145611763,67.1866495171,
rapidez, referencia, tiempo, pid,0.432812887251,0.33,3.16352701187,59.0218777608,
rapidez, referencia, tiempo, pid,0.432812887251,0.33,3.17655611038,50.8571060045,
rapidez, referencia, tiempo, pid,0.432812887251,0.33,3.18858218193,42.6923342481,
rapidez, referencia, tiempo, pid,0.432812887251,0.33,3.20094513893,34.5275624918,
rapidez, referencia, tiempo, pid,0.432812887251,0.33,3.21355700493,26.3627907355,
rapidez, referencia, tiempo, pid,0.432812887251,0.33,3.22656798363,18.1980189791,
rapidez, referencia, tiempo, pid,0.432812887251,0.33,3.23858308792,10.0332472228,
rapidez, referencia, tiempo, pid,0.432812887251,0.33,3.25076317787,1.86847546645,
rapidez, referencia, tiempo, pid,0.382812887251,0.33,3.26220798492,-6.29629628989,
rapidez, referencia, tiempo, pid,0.517032354941,0.33,3.27217197418,-10,
rapidez, referencia, tiempo, pid,0.467032354941,0.33,3.28370213509,-10,
rapidez, referencia, tiempo, pid,0.417032354941,0.33,3.29509115219,-10,
rapidez, referencia, tiempo, pid,0.367032354941,0.33,3.30655503273,-14.5278033547,
rapidez, referencia, tiempo, pid,0.367032354941,0.33,3.31788110733,100,
rapidez, referencia, tiempo, pid,0.367032354941,0.33,3.33144402504,100,
rapidez, referencia, tiempo, pid,0.367032354941,0.33,3.34278106689,100,
rapidez, referencia, tiempo, pid,0.367032354941,0.33,3.35429215431,100,
rapidez, referencia, tiempo, pid,0.367032354941,0.33,3.36659312248,100,
rapidez, referencia, tiempo, pid,0.367032354941,0.33,3.37938904762,100,
rapidez, referencia, tiempo, pid,0.367032354941,0.33,3.3928501606,100,
rapidez, referencia, tiempo, pid,0.367032354941,0.33,3.404266119,98.9461284905,
rapidez, referencia, tiempo, pid,0.367032354941,0.33,3.41708898544,96.0052449712,
rapidez, referencia, tiempo, pid,0.367032354941,0.33,3.42944097519,93.0643614518,
rapidez, referencia, tiempo, pid,0.367032354941,0.33,3.44157409668,90.1234779325,
rapidez, referencia, tiempo, pid,0.367032354941,0.33,3.45357704163,87.1825944132,
rapidez, referencia, tiempo, pid,0.367032354941,0.33,3.47032117844,84.2417108938,
rapidez, referencia, tiempo, pid,0.557604281756,0.33,3.47961711884,-10,
rapidez, referencia, tiempo, pid,0.507604281756,0.33,3.4915831089,-10,
rapidez, referencia, tiempo, pid,0.457604281756,0.33,3.50408911705,-10,
rapidez, referencia, tiempo, pid,0.407604281756,0.33,3.51660513878,-10,
rapidez, referencia, tiempo, pid,0.357604281756,0.33,3.53072810173,-97.4474182705,
rapidez, referencia, tiempo, pid,0.357604281756,0.33,3.542730093,37.3614182172,
rapidez, referencia, tiempo, pid,0.357604281756,0.33,3.55525112152,35.1692547048,
rapidez, referencia, tiempo, pid,0.357604281756,0.33,3.567882061,32.9770911925,
rapidez, referencia, tiempo, pid,0.357604281756,0.33,3.58039307594,30.7849276801,
rapidez, referencia, tiempo, pid,0.357604281756,0.33,3.5924680233,28.5927641678,
rapidez, referencia, tiempo, pid,0.357604281756,0.33,3.60504007339,26.4006006554,
rapidez, referencia, tiempo, pid,0.357604281756,0.33,3.61759614944,24.2084371431,
rapidez, referencia, tiempo, pid,0.357604281756,0.33,3.63048315048,22.0162736307,
rapidez, referencia, tiempo, pid,0.357604281756,0.33,3.64236903191,19.8241101183,
rapidez, referencia, tiempo, pid,0.357604281756,0.33,3.65623307228,17.631946606,
rapidez, referencia, tiempo, pid,0.357604281756,0.33,3.66906714439,15.4397830936,
rapidez, referencia, tiempo, pid,0.357604281756,0.33,3.68118309975,13.2476195813,
rapidez, referencia, tiempo, pid,0.357604281756,0.33,3.69348406792,11.0554560689,
rapidez, referencia, tiempo, pid,0.357604281756,0.33,3.7063369751,8.86329255656,
rapidez, referencia, tiempo, pid,0.482643940833,0.33,3.71553516388,-10,
rapidez, referencia, tiempo, pid,0.432643940833,0.33,3.72786307335,-10,
rapidez, referencia, tiempo, pid,0.382643940833,0.33,3.74062108994,-10,
rapidez, referencia, tiempo, pid,0.332643940833,0.33,3.75205802917,-10,
rapidez, referencia, tiempo, pid,0.332643940833,0.33,3.76341509819,36.4983505741,
rapidez, referencia, tiempo, pid,0.332643940833,0.33,3.774944067,36.2883849363,
rapidez, referencia, tiempo, pid,0.332643940833,0.33,3.78845310211,36.0784192986,
rapidez, referencia, tiempo, pid,0.332643940833,0.33,3.79984712601,35.8684536608,
rapidez, referencia, tiempo, pid,0.332643940833,0.33,3.81211018562,35.6584880231,
rapidez, referencia, tiempo, pid,0.332643940833,0.33,3.82494211197,35.4485223853,
rapidez, referencia, tiempo, pid,0.332643940833,0.33,3.83833098412,35.2385567476,
rapidez, referencia, tiempo, pid,0.332643940833,0.33,3.85072302818,35.0285911099,
rapidez, referencia, tiempo, pid,0.332643940833,0.33,3.86358213425,34.8186254721,
rapidez, referencia, tiempo, pid,0.332643940833,0.33,3.87563300133,34.6086598344,
rapidez, referencia, tiempo, pid,0.332643940833,0.33,3.88933300972,34.3986941966,
rapidez, referencia, tiempo, pid,0.332643940833,0.33,3.90064001083,34.1887285589,
rapidez, referencia, tiempo, pid,0.332643940833,0.33,3.91375899315,33.9787629211,
rapidez, referencia, tiempo, pid,0.332643940833,0.33,3.92582702637,33.7687972834,
rapidez, referencia, tiempo, pid,0.332643940833,0.33,3.93798303604,33.5588316456,
rapidez, referencia, tiempo, pid,0.332643940833,0.33,3.95140004158,33.3488660079,
rapidez, referencia, tiempo, pid,0.46396736404,0.33,3.95961904526,-10,
rapidez, referencia, tiempo, pid,0.41396736404,0.33,3.97160196304,-10,
rapidez, referencia, tiempo, pid,0.36396736404,0.33,3.9838681221,-10,
rapidez, referencia, tiempo, pid,0.31396736404,0.33,3.99567914009,-87.0920309493,
rapidez, referencia, tiempo, pid,0.31396736404,0.33,4.00672602654,51.1821831075,
rapidez, referencia, tiempo, pid,0.31396736404,0.33,4.01871204376,52.4553971642,
rapidez, referencia, tiempo, pid,0.31396736404,0.33,4.03021407127,53.728611221,
rapidez, referencia, tiempo, pid,0.31396736404,0.33,4.04224205017,55.0018252777,
rapidez, referencia, tiempo, pid,0.31396736404,0.33,4.05532503128,56.2750393345,
rapidez, referencia, tiempo, pid,0.31396736404,0.33,4.06707811356,57.5482533912,
rapidez, referencia, tiempo, pid,0.31396736404,0.33,4.08013796806,58.821467448,
rapidez, referencia, tiempo, pid,0.31396736404,0.33,4.09227800369,60.0946815047,
rapidez, referencia, tiempo, pid,0.31396736404,0.33,4.10513710976,61.3678955615,
rapidez, referencia, tiempo, pid,0.31396736404,0.33,4.11720514297,62.6411096182,
rapidez, referencia, tiempo, pid,0.31396736404,0.33,4.12949109077,63.914323675,
rapidez, referencia, tiempo, pid,0.31396736404,0.33,4.14226818085,65.1875377317,
rapidez, referencia, tiempo, pid,0.31396736404,0.33,4.15509796143,66.4607517885,
rapidez, referencia, tiempo, pid,0.31396736404,0.33,4.16728401184,67.7339658452,
rapidez, referencia, tiempo, pid,0.31396736404,0.33,4.17949914932,69.007179902,
rapidez, referencia, tiempo, pid,0.31396736404,0.33,4.1922249794,70.2803939587,
rapidez, referencia, tiempo, pid,0.31396736404,0.33,4.20521402359,71.5536080155,
rapidez, referencia, tiempo, pid,0.31396736404,0.33,4.21732401848,72.8268220722,
rapidez, referencia, tiempo, pid,0.420702614186,0.33,4.2265920639,-10,
rapidez, referencia, tiempo, pid,0.370702614186,0.33,4.23948407173,-10,
rapidez, referencia, tiempo, pid,0.320702614186,0.33,4.2509021759,-10,
rapidez, referencia, tiempo, pid,0.320702614186,0.33,4.26373410225,33.501300146,
rapidez, referencia, tiempo, pid,0.320702614186,0.33,4.27577400208,34.2396417598,
rapidez, referencia, tiempo, pid,0.320702614186,0.33,4.28675103188,34.9779833737,
rapidez, referencia, tiempo, pid,0.320702614186,0.33,4.2993850708,35.7163249876,
rapidez, referencia, tiempo, pid,0.320702614186,0.33,4.31236505508,36.4546666014,
rapidez, referencia, tiempo, pid,0.320702614186,0.33,4.32436299324,37.1930082153,
rapidez, referencia, tiempo, pid,0.320702614186,0.33,4.33665418625,37.9313498292,
rapidez, referencia, tiempo, pid,0.320702614186,0.33,4.34951806068,38.669691443,
rapidez, referencia, tiempo, pid,0.320702614186,0.33,4.36152601242,39.4080330569,
rapidez, referencia, tiempo, pid,0.320702614186,0.33,4.37371706963,40.1463746708,
rapidez, referencia, tiempo, pid,0.320702614186,0.33,4.38664317131,40.8847162846,
rapidez, referencia, tiempo, pid,0.320702614186,0.33,4.39964699745,41.6230578985,
rapidez, referencia, tiempo, pid,0.320702614186,0.33,4.41310119629,42.3613995124,
rapidez, referencia, tiempo, pid,0.320702614186,0.33,4.42530107498,43.0997411263,
rapidez, referencia, tiempo, pid,0.320702614186,0.33,4.43824315071,43.8380827401,
rapidez, referencia, tiempo, pid,0.320702614186,0.33,4.45034313202,44.576424354,
rapidez, referencia, tiempo, pid,0.320702614186,0.33,4.4625480175,45.3147659679,
rapidez, referencia, tiempo, pid,0.320702614186,0.33,4.47555708885,46.0531075817,
rapidez, referencia, tiempo, pid,0.320702614186,0.33,4.48815798759,46.7914491956,
rapidez, referencia, tiempo, pid,0.415342948962,0.33,4.49698805809,-10,
rapidez, referencia, tiempo, pid,0.365342948962,0.33,4.50901913643,-10,
rapidez, referencia, tiempo, pid,0.315342948962,0.33,4.52187919617,-95.8562086682,
rapidez, referencia, tiempo, pid,0.315342948962,0.33,4.53418707848,42.308764833,
rapidez, referencia, tiempo, pid,0.315342948962,0.33,4.54679918289,43.4727383343,
rapidez, referencia, tiempo, pid,0.315342948962,0.33,4.55956411362,44.6367118356,
rapidez, referencia, tiempo, pid,0.315342948962,0.33,4.57224917412,45.8006853369,
rapidez, referencia, tiempo, pid,0.315342948962,0.33,4.58475899696,46.9646588382,
rapidez, referencia, tiempo, pid,0.315342948962,0.33,4.59723997116,48.1286323394,
rapidez, referencia, tiempo, pid,0.315342948962,0.33,4.60906815529,49.2926058407,
rapidez, referencia, tiempo, pid,0.315342948962,0.33,4.62159705162,50.456579342,
rapidez, referencia, tiempo, pid,0.315342948962,0.33,4.633685112,51.6205528433,
rapidez, referencia, tiempo, pid,0.315342948962,0.33,4.64623999596,52.7845263445,
rapidez, referencia, tiempo, pid,0.315342948962,0.33,4.65893006325,53.9484998458,
rapidez, referencia, tiempo, pid,0.315342948962,0.33,4.6719481945,55.1124733471,
rapidez, referencia, tiempo, pid,0.315342948962,0.33,4.68417716026,56.2764468484,
rapidez, referencia, tiempo, pid,0.315342948962,0.33,4.69611501694,57.4404203496,
rapidez, referencia, tiempo, pid,0.315342948962,0.33,4.7083170414,58.6043938509,
rapidez, referencia, tiempo, pid,0.315342948962,0.33,4.72131109238,59.7683673522,
rapidez, referencia, tiempo, pid,0.315342948962,0.33,4.73419713974,60.9323408535,
rapidez, referencia, tiempo, pid,0.315342948962,0.33,4.74617505074,62.0963143548,
rapidez, referencia, tiempo, pid,0.315342948962,0.33,4.7583770752,63.260287856,
rapidez, referencia, tiempo, pid,0.315342948962,0.33,4.77146601677,64.4242613573,
rapidez, referencia, tiempo, pid,0.393605158452,0.33,4.78008008003,-10,
rapidez, referencia, tiempo, pid,0.343605158452,0.33,4.79277515411,-10,
rapidez, referencia, tiempo, pid,0.293605158452,0.33,4.80566310883,-28.1681578731,
rapidez, referencia, tiempo, pid,0.293605158452,0.33,4.81777000427,100,
rapidez, referencia, tiempo, pid,0.293605158452,0.33,4.83001804352,100,
rapidez, referencia, tiempo, pid,0.293605158452,0.33,4.84412908554,100,
rapidez, referencia, tiempo, pid,0.293605158452,0.33,4.85618710518,100,
rapidez, referencia, tiempo, pid,0.293605158452,0.33,4.86898303032,100,
rapidez, referencia, tiempo, pid,0.293605158452,0.33,4.88142800331,100,
rapidez, referencia, tiempo, pid,0.293605158452,0.33,4.89416718483,100,
rapidez, referencia, tiempo, pid,0.293605158452,0.33,4.90620803833,100,
rapidez, referencia, tiempo, pid,0.293605158452,0.33,4.91935110092,100,
rapidez, referencia, tiempo, pid,0.293605158452,0.33,4.93192315102,100,
rapidez, referencia, tiempo, pid,0.293605158452,0.33,4.94408512115,100,
rapidez, referencia, tiempo, pid,0.293605158452,0.33,4.95608401299,100,
rapidez, referencia, tiempo, pid,0.293605158452,0.33,4.96902799606,100,
rapidez, referencia, tiempo, pid,0.293605158452,0.33,4.98139715195,100,
rapidez, referencia, tiempo, pid,0.293605158452,0.33,4.99406719208,100,
rapidez, referencia, tiempo, pid,0.293605158452,0.33,5.0061340332,100,
rapidez, referencia, tiempo, pid,0.293605158452,0.33,5.01842308044,100,
rapidez, referencia, tiempo, pid,0.293605158452,0.33,5.03152704239,100,
rapidez, referencia, tiempo, pid,0.432708708577,0.33,5.04075503349,-10,
rapidez, referencia, tiempo, pid,0.382708708577,0.33,5.05277109146,-10,
rapidez, referencia, tiempo, pid,0.332708708577,0.33,5.06553316116,-10,
rapidez, referencia, tiempo, pid,0.332708708577,0.33,5.07855010033,29.0283378179,
rapidez, referencia, tiempo, pid,0.332708708577,0.33,5.08994817734,28.8132287214,
rapidez, referencia, tiempo, pid,0.332708708577,0.33,5.10293602943,28.5981196249,
rapidez, referencia, tiempo, pid,0.332708708577,0.33,5.11559605598,28.3830105284,
rapidez, referencia, tiempo, pid,0.332708708577,0.33,5.1277589798,28.1679014319,
rapidez, referencia, tiempo, pid,0.332708708577,0.33,5.13990712166,27.9527923354,
rapidez, referencia, tiempo, pid,0.332708708577,0.33,5.15284204483,27.737683239,
rapidez, referencia, tiempo, pid,0.332708708577,0.33,5.1644821167,27.5225741425,
rapidez, referencia, tiempo, pid,0.332708708577,0.33,5.17765402794,27.307465046,
rapidez, referencia, tiempo, pid,0.332708708577,0.33,5.18995499611,27.0923559495,
rapidez, referencia, tiempo, pid,0.332708708577,0.33,5.2042760849,26.877246853,
rapidez, referencia, tiempo, pid,0.332708708577,0.33,5.21695208549,26.6621377565,
rapidez, referencia, tiempo, pid,0.332708708577,0.33,5.22905516624,26.44702866,
rapidez, referencia, tiempo, pid,0.332708708577,0.33,5.24154996872,26.2319195635,
rapidez, referencia, tiempo, pid,0.332708708577,0.33,5.25431919098,26.016810467,
rapidez, referencia, tiempo, pid,0.332708708577,0.33,5.26711010933,25.8017013705,
rapidez, referencia, tiempo, pid,0.332708708577,0.33,5.27848696709,25.586592274,
rapidez, referencia, tiempo, pid,0.332708708577,0.33,5.29149317741,25.3714831776,
rapidez, referencia, tiempo, pid,0.332708708577,0.33,5.30420207977,25.1563740811,
rapidez, referencia, tiempo, pid,0.332708708577,0.33,5.31637406349,24.9412649846,
rapidez, referencia, tiempo, pid,0.332708708577,0.33,5.32849216461,24.7261558881,
rapidez, referencia, tiempo, pid,0.371446679473,0.33,5.33853697777,-10,
rapidez, referencia, tiempo, pid,0.321446679473,0.33,5.35069108009,-91.9702382816,
rapidez, referencia, tiempo, pid,0.321446679473,0.33,5.36271214485,45.7100142103,
rapidez, referencia, tiempo, pid,0.321446679473,0.33,5.37571716309,46.3892667021,
rapidez, referencia, tiempo, pid,0.321446679473,0.33,5.38770318031,47.068519194,
rapidez, referencia, tiempo, pid,0.321446679473,0.33,5.39996814728,47.7477716859,
rapidez, referencia, tiempo, pid,0.321446679473,0.33,5.41268897057,48.4270241777,
rapidez, referencia, tiempo, pid,0.321446679473,0.33,5.42568206787,49.1062766696,
rapidez, referencia, tiempo, pid,0.321446679473,0.33,5.43737816811,49.7855291615,
rapidez, referencia, tiempo, pid,0.321446679473,0.33,5.45008301735,50.4647816533,
rapidez, referencia, tiempo, pid,0.321446679473,0.33,5.46287608147,51.1440341452,
rapidez, referencia, tiempo, pid,0.321446679473,0.33,5.47482514381,51.8232866371,
rapidez, referencia, tiempo, pid,0.321446679473,0.33,5.48778605461,52.5025391289,
rapidez, referencia, tiempo, pid,0.321446679473,0.33,5.49997806549,53.1817916208,
rapidez, referencia, tiempo, pid,0.321446679473,0.33,5.51352214813,53.8610441127,
rapidez, referencia, tiempo, pid,0.321446679473,0.33,5.52585601807,54.5402966045,
rapidez, referencia, tiempo, pid,0.321446679473,0.33,5.53860902786,55.2195490964,
rapidez, referencia, tiempo, pid,0.321446679473,0.33,5.55055713654,55.8988015883,
rapidez, referencia, tiempo, pid,0.321446679473,0.33,5.56284403801,56.5780540801,
rapidez, referencia, tiempo, pid,0.321446679473,0.33,5.57570409775,57.257306572,
rapidez, referencia, tiempo, pid,0.321446679473,0.33,5.58847904205,57.9365590639,
rapidez, referencia, tiempo, pid,0.436062020904,0.33,5.59705805779,-10,
rapidez, referencia, tiempo, pid,0.386062020904,0.33,5.61006999016,-10,
rapidez, referencia, tiempo, pid,0.336062020904,0.33,5.62297606468,-10,
rapidez, referencia, tiempo, pid,0.286062020904,0.33,5.634953022,-7.85957178954,
rapidez, referencia, tiempo, pid,0.286062020904,0.33,5.6472389698,100,
rapidez, referencia, tiempo, pid,0.286062020904,0.33,5.65994310379,100,
rapidez, referencia, tiempo, pid,0.286062020904,0.33,5.67224097252,100,
rapidez, referencia, tiempo, pid,0.286062020904,0.33,5.68430304527,100,
rapidez, referencia, tiempo, pid,0.286062020904,0.33,5.69718599319,100,
rapidez, referencia, tiempo, pid,0.286062020904,0.33,5.70982313156,100,
rapidez, referencia, tiempo, pid,0.286062020904,0.33,5.7223610878,100,
rapidez, referencia, tiempo, pid,0.286062020904,0.33,5.73501300812,100,
rapidez, referencia, tiempo, pid,0.286062020904,0.33,5.74885702133,100,
rapidez, referencia, tiempo, pid,0.286062020904,0.33,5.76157712936,100,
rapidez, referencia, tiempo, pid,0.286062020904,0.33,5.77329015732,100,
rapidez, referencia, tiempo, pid,0.286062020904,0.33,5.78587412834,100,
rapidez, referencia, tiempo, pid,0.286062020904,0.33,5.79845619202,100,
rapidez, referencia, tiempo, pid,0.286062020904,0.33,5.81052803993,100,
rapidez, referencia, tiempo, pid,0.286062020904,0.33,5.82349205017,100,
rapidez, referencia, tiempo, pid,0.286062020904,0.33,5.83590912819,100,
rapidez, referencia, tiempo, pid,0.286062020904,0.33,5.84861898422,100,
rapidez, referencia, tiempo, pid,0.286062020904,0.33,5.86120605469,100,
rapidez, referencia, tiempo, pid,0.286062020904,0.33,5.87382698059,100,
rapidez, referencia, tiempo, pid,0.286062020904,0.33,5.88551902771,100,
rapidez, referencia, tiempo, pid,0.286062020904,0.33,5.89820599556,100,
rapidez, referencia, tiempo, pid,0.286062020904,0.33,5.91024708748,100,
rapidez, referencia, tiempo, pid,0.33938293044,0.33,5.91995310783,-81.9114675285,
rapidez, referencia, tiempo, pid,0.33938293044,0.33,5.93288111687,54.3443974258,
rapidez, referencia, tiempo, pid,0.33938293044,0.33,5.94502615929,53.59926238,
rapidez, referencia, tiempo, pid,0.33938293044,0.33,5.95708799362,52.8541273342,
rapidez, referencia, tiempo, pid,0.33938293044,0.33,5.96994996071,52.1089922884,
rapidez, referencia, tiempo, pid,0.33938293044,0.33,5.98297405243,51.3638572426,
rapidez, referencia, tiempo, pid,0.33938293044,0.33,5.99424910545,50.6187221968,
rapidez, referencia, tiempo, pid,0.33938293044,0.33,6.00703001022,49.873587151,
rapidez, referencia, tiempo, pid,0.33938293044,0.33,6.01999306679,49.1284521053,
rapidez, referencia, tiempo, pid,0.33938293044,0.33,6.03203010559,48.3833170595,
rapidez, referencia, tiempo, pid,0.33938293044,0.33,6.04638504982,47.6381820137,
rapidez, referencia, tiempo, pid,0.33938293044,0.33,6.05906200409,46.8930469679,
rapidez, referencia, tiempo, pid,0.33938293044,0.33,6.07195997238,46.1479119221,
rapidez, referencia, tiempo, pid,0.33938293044,0.33,6.0842871666,45.4027768763,
rapidez, referencia, tiempo, pid,0.33938293044,0.33,6.09629511833,44.6576418306,
rapidez, referencia, tiempo, pid,0.33938293044,0.33,6.10851812363,43.9125067848,
rapidez, referencia, tiempo, pid,0.33938293044,0.33,6.12151908875,43.167371739,
rapidez, referencia, tiempo, pid,0.33938293044,0.33,6.13306498528,42.4222366932,
rapidez, referencia, tiempo, pid,0.33938293044,0.33,6.14628696442,41.6771016474,
rapidez, referencia, tiempo, pid,0.33938293044,0.33,6.15848302841,40.9319666016,
rapidez, referencia, tiempo, pid,0.33938293044,0.33,6.17155003548,40.1868315558,
rapidez, referencia, tiempo, pid,0.33938293044,0.33,6.18342113495,39.4416965101,
rapidez, referencia, tiempo, pid,0.33938293044,0.33,6.19565415382,38.6965614643,
rapidez, referencia, tiempo, pid,0.33938293044,0.33,6.20852899551,37.9514264185,
rapidez, referencia, tiempo, pid,0.372510872221,0.33,6.21780204773,-10,
rapidez, referencia, tiempo, pid,0.322510872221,0.33,6.22991299629,-63.5423991541,
rapidez, referencia, tiempo, pid,0.322510872221,0.33,6.24288511276,74.0533416474,
rapidez, referencia, tiempo, pid,0.322510872221,0.33,6.25510501862,74.648082449,
rapidez, referencia, tiempo, pid,0.322510872221,0.33,6.26650619507,75.2428232505,
rapidez, referencia, tiempo, pid,0.322510872221,0.33,6.27799296379,75.837564052,
rapidez, referencia, tiempo, pid,0.322510872221,0.33,6.2891831398,76.4323048536,
rapidez, referencia, tiempo, pid,0.322510872221,0.33,6.30164909363,77.0270456551,
rapidez, referencia, tiempo, pid,0.322510872221,0.33,6.3144299984,77.6217864567,
rapidez, referencia, tiempo, pid,0.322510872221,0.33,6.32645797729,78.2165272582,
rapidez, referencia, tiempo, pid,0.322510872221,0.33,6.33876514435,78.8112680598,
rapidez, referencia, tiempo, pid,0.322510872221,0.33,6.35168910027,79.4060088613,
rapidez, referencia, tiempo, pid,0.322510872221,0.33,6.36447119713,80.0007496629,
rapidez, referencia, tiempo, pid,0.322510872221,0.33,6.37645816803,80.5954904644,
rapidez, referencia, tiempo, pid,0.322510872221,0.33,6.38867616653,81.1902312659,
rapidez, referencia, tiempo, pid,0.322510872221,0.33,6.40178799629,81.7849720675,
rapidez, referencia, tiempo, pid,0.322510872221,0.33,6.41442108154,82.379712869,
rapidez, referencia, tiempo, pid,0.322510872221,0.33,6.42648696899,82.9744536706,
rapidez, referencia, tiempo, pid,0.322510872221,0.33,6.43890500069,83.5691944721,
rapidez, referencia, tiempo, pid,0.322510872221,0.33,6.45178699493,84.1639352737,
rapidez, referencia, tiempo, pid,0.322510872221,0.33,6.46441912651,84.7586760752,
rapidez, referencia, tiempo, pid,0.322510872221,0.33,6.47647404671,85.3534168768,
rapidez, referencia, tiempo, pid,0.322510872221,0.33,6.48880600929,85.9481576783,
rapidez, referencia, tiempo, pid,0.322510872221,0.33,6.5017721653,86.5428984798,
rapidez, referencia, tiempo, pid,0.379014817158,0.33,6.51032710075,-10,
rapidez, referencia, tiempo, pid,0.329014817158,0.33,6.52315998077,-80.0346504526,
rapidez, referencia, tiempo, pid,0.329014817158,0.33,6.53590917587,57.0445867534,
rapidez, referencia, tiempo, pid,0.329014817158,0.33,6.55018019676,57.1228239595,
rapidez, referencia, tiempo, pid,0.329014817158,0.33,6.56305003166,57.2010611656,
rapidez, referencia, tiempo, pid,0.329014817158,0.33,6.57530212402,57.2792983717,
rapidez, referencia, tiempo, pid,0.329014817158,0.33,6.58758211136,57.3575355777,
rapidez, referencia, tiempo, pid,0.329014817158,0.33,6.60028409958,57.4357727838,
rapidez, referencia, tiempo, pid,0.329014817158,0.33,6.61301016808,57.5140099899,
rapidez, referencia, tiempo, pid,0.329014817158,0.33,6.62499713898,57.5922471959,
rapidez, referencia, tiempo, pid,0.329014817158,0.33,6.64086198807,57.670484402,
rapidez, referencia, tiempo, pid,0.329014817158,0.33,6.65370416641,57.7487216081,
rapidez, referencia, tiempo, pid,0.329014817158,0.33,6.66594409943,57.8269588142,
rapidez, referencia, tiempo, pid,0.329014817158,0.33,6.67882204056,57.9051960202,
rapidez, referencia, tiempo, pid,0.329014817158,0.33,6.69084095955,57.9834332263,
rapidez, referencia, tiempo, pid,0.329014817158,0.33,6.70309710503,58.0616704324,
rapidez, referencia, tiempo, pid,0.329014817158,0.33,6.71595811844,58.1399076385,
rapidez, referencia, tiempo, pid,0.329014817158,0.33,6.72878813744,58.2181448445,
rapidez, referencia, tiempo, pid,0.329014817158,0.33,6.74048018456,58.2963820506,
rapidez, referencia, tiempo, pid,0.329014817158,0.33,6.75318408012,58.3746192567,
rapidez, referencia, tiempo, pid,0.329014817158,0.33,6.76591897011,58.4528564627,
rapidez, referencia, tiempo, pid,0.329014817158,0.33,6.77803897858,58.5310936688,
rapidez, referencia, tiempo, pid,0.403727902428,0.33,6.78733801842,-10,
rapidez, referencia, tiempo, pid,0.353727902428,0.33,6.80017018318,-10,
rapidez, referencia, tiempo, pid,0.303727902428,0.33,6.81235218048,-26.7483137766,
rapidez, referencia, tiempo, pid,0.303727902428,0.33,6.82456302643,100,
rapidez, referencia, tiempo, pid,0.303727902428,0.33,6.83892416954,100,
rapidez, referencia, tiempo, pid,0.303727902428,0.33,6.85169911385,100,
rapidez, referencia, tiempo, pid,0.303727902428,0.33,6.86371707916,100,
rapidez, referencia, tiempo, pid,0.303727902428,0.33,6.87595796585,100,
rapidez, referencia, tiempo, pid,0.303727902428,0.33,6.88883209229,100,
rapidez, referencia, tiempo, pid,0.303727902428,0.33,6.90022015572,100,
rapidez, referencia, tiempo, pid,0.303727902428,0.33,6.91172504425,100,
rapidez, referencia, tiempo, pid,0.303727902428,0.33,6.9229850769,100,
rapidez, referencia, tiempo, pid,0.303727902428,0.33,6.93657016754,100,
rapidez, referencia, tiempo, pid,0.303727902428,0.33,6.9478521347,100,
rapidez, referencia, tiempo, pid,0.303727902428,0.33,6.95947313309,100,
rapidez, referencia, tiempo, pid,0.303727902428,0.33,6.97104907036,100,
rapidez, referencia, tiempo, pid,0.303727902428,0.33,6.98248100281,100,
rapidez, referencia, tiempo, pid,0.303727902428,0.33,6.9936811924,100,
rapidez, referencia, tiempo, pid,0.303727902428,0.33,7.00571608543,100,
rapidez, referencia, tiempo, pid,0.303727902428,0.33,7.01682901382,100,
rapidez, referencia, tiempo, pid,0.303727902428,0.33,7.02808308601,100,
rapidez, referencia, tiempo, pid,0.303727902428,0.33,7.04070997238,100,
rapidez, referencia, tiempo, pid,0.303727902428,0.33,7.05196404457,100,
rapidez, referencia, tiempo, pid,0.303727902428,0.33,7.06306600571,100,
rapidez, referencia, tiempo, pid,0.38775737968,0.33,7.07480597496,-10,
rapidez, referencia, tiempo, pid,0.33775737968,0.33,7.08697414398,-89.3201724857,
rapidez, referencia, tiempo, pid,0.33775737968,0.33,7.09941411018,47.0647837847,
rapidez, referencia, tiempo, pid,0.33775737968,0.33,7.11216807365,46.4487400551,
rapidez, referencia, tiempo, pid,0.33775737968,0.33,7.12416911125,45.8326963255,
rapidez, referencia, tiempo, pid,0.33775737968,0.33,7.13631415367,45.2166525959,
rapidez, referencia, tiempo, pid,0.33775737968,0.33,7.14880204201,44.6006088663,
rapidez, referencia, tiempo, pid,0.33775737968,0.33,7.16146612167,43.9845651367,
rapidez, referencia, tiempo, pid,0.33775737968,0.33,7.17407298088,43.3685214071,
rapidez, referencia, tiempo, pid,0.33775737968,0.33,7.18546009064,42.7524776775,
rapidez, referencia, tiempo, pid,0.33775737968,0.33,7.19636917114,42.1364339479,
rapidez, referencia, tiempo, pid,0.33775737968,0.33,7.20896196365,41.5203902182,
rapidez, referencia, tiempo, pid,0.33775737968,0.33,7.2208480835,40.9043464886,
rapidez, referencia, tiempo, pid,0.33775737968,0.33,7.23287701607,40.288302759,
rapidez, referencia, tiempo, pid,0.33775737968,0.33,7.24455404282,39.6722590294,
rapidez, referencia, tiempo, pid,0.33775737968,0.33,7.25721096992,39.0562152998,
rapidez, referencia, tiempo, pid,0.33775737968,0.33,7.26925897598,38.4401715702,
rapidez, referencia, tiempo, pid,0.33775737968,0.33,7.28218817711,37.8241278406,
rapidez, referencia, tiempo, pid,0.33775737968,0.33,7.29511213303,37.208084111,
rapidez, referencia, tiempo, pid,0.33775737968,0.33,7.30711698532,36.5920403814,
rapidez, referencia, tiempo, pid,0.33775737968,0.33,7.3193731308,35.9759966518,
rapidez, referencia, tiempo, pid,0.445385673266,0.33,7.32852005959,-10,
rapidez, referencia, tiempo, pid,0.395385673266,0.33,7.34140515327,-10,
rapidez, referencia, tiempo, pid,0.345385673266,0.33,7.35357403755,-10,
rapidez, referencia, tiempo, pid,0.295385673266,0.33,7.36648201942,-13.6371935347,
rapidez, referencia, tiempo, pid,0.295385673266,0.33,7.37871599197,100,
rapidez, referencia, tiempo, pid,0.295385673266,0.33,7.39076519012,100,
rapidez, referencia, tiempo, pid,0.295385673266,0.33,7.40362715721,100,
rapidez, referencia, tiempo, pid,0.295385673266,0.33,7.41640305519,100,
rapidez, referencia, tiempo, pid,0.295385673266,0.33,7.42847800255,100,
rapidez, referencia, tiempo, pid,0.295385673266,0.33,7.44098615646,100,
rapidez, referencia, tiempo, pid,0.295385673266,0.33,7.45360898972,100,
rapidez, referencia, tiempo, pid,0.295385673266,0.33,7.46559500694,100,
rapidez, referencia, tiempo, pid,0.295385673266,0.33,7.47786808014,100,
rapidez, referencia, tiempo, pid,0.295385673266,0.33,7.49076509476,100,
rapidez, referencia, tiempo, pid,0.295385673266,0.33,7.50361800194,100,
rapidez, referencia, tiempo, pid,0.295385673266,0.33,7.51552319527,100,
rapidez, referencia, tiempo, pid,0.295385673266,0.33,7.52795696259,100,
rapidez, referencia, tiempo, pid,0.295385673266,0.33,7.5408949852,100,
rapidez, referencia, tiempo, pid,0.295385673266,0.33,7.55288314819,100,
rapidez, referencia, tiempo, pid,0.295385673266,0.33,7.56496500969,100,
rapidez, referencia, tiempo, pid,0.295385673266,0.33,7.57928800583,100,
rapidez, referencia, tiempo, pid,0.434032375035,0.33,7.58799409866,-10,
rapidez, referencia, tiempo, pid,0.384032375035,0.33,7.60073518753,-10,
rapidez, referencia, tiempo, pid,0.334032375035,0.33,7.61370515823,-97.5841831975,
rapidez, referencia, tiempo, pid,0.334032375035,0.33,7.62575006485,39.0965901978,
rapidez, referencia, tiempo, pid,0.334032375035,0.33,7.63800215721,38.7763635932,
rapidez, referencia, tiempo, pid,0.334032375035,0.33,7.65088295937,38.4561369885,
rapidez, referencia, tiempo, pid,0.334032375035,0.33,7.66377305984,38.1359103838,
rapidez, referencia, tiempo, pid,0.334032375035,0.33,7.67583417892,37.8156837792,
rapidez, referencia, tiempo, pid,0.334032375035,0.33,7.68789315224,37.4954571745,
rapidez, referencia, tiempo, pid,0.334032375035,0.33,7.70129704475,37.1752305698,
rapidez, referencia, tiempo, pid,0.334032375035,0.33,7.71290302277,36.8550039651,
rapidez, referencia, tiempo, pid,0.334032375035,0.33,7.72515201569,36.5347773605,
rapidez, referencia, tiempo, pid,0.334032375035,0.33,7.73801708221,36.2145507558,
rapidez, referencia, tiempo, pid,0.334032375035,0.33,7.7510201931,35.8943241511,
rapidez, referencia, tiempo, pid,0.334032375035,0.33,7.7628390789,35.5740975465,
rapidez, referencia, tiempo, pid,0.334032375035,0.33,7.77525115013,35.2538709418,
rapidez, referencia, tiempo, pid,0.334032375035,0.33,7.78815197945,34.9336443371,
rapidez, referencia, tiempo, pid,0.334032375035,0.33,7.80005216599,34.6134177325,
rapidez, referencia, tiempo, pid,0.334032375035,0.33,7.81216406822,34.2931911278,
rapidez, referencia, tiempo, pid,0.334032375035,0.33,7.82511615753,33.9729645231,
rapidez, referencia, tiempo, pid,0.46098961958,0.33,7.83392214775,-10,
rapidez, referencia, tiempo, pid,0.41098961958,0.33,7.84699201584,-10,
rapidez, referencia, tiempo, pid,0.36098961958,0.33,7.85936498642,-10,
rapidez, referencia, tiempo, pid,0.31098961958,0.33,7.87212896347,-73.5586184392,
rapidez, referencia, tiempo, pid,0.31098961958,0.33,7.88376498222,64.9520699013,
rapidez, referencia, tiempo, pid,0.31098961958,0.33,7.89655017853,66.4617582417,
rapidez, referencia, tiempo, pid,0.31098961958,0.33,7.90997219086,67.9714465822,
rapidez, referencia, tiempo, pid,0.31098961958,0.33,7.92104005814,69.4811349226,
rapidez, referencia, tiempo, pid,0.31098961958,0.33,7.93313097954,70.9908232631,
rapidez, referencia, tiempo, pid,0.31098961958,0.33,7.94374203682,72.5005116036,
rapidez, referencia, tiempo, pid,0.31098961958,0.33,7.95517301559,74.010199944,
rapidez, referencia, tiempo, pid,0.31098961958,0.33,7.96652317047,75.5198882845,
rapidez, referencia, tiempo, pid,0.31098961958,0.33,7.97862696648,77.029576625,
rapidez, referencia, tiempo, pid,0.31098961958,0.33,7.99104905128,78.5392649654,
rapidez, referencia, tiempo, pid,0.31098961958,0.33,8.00378704071,80.0489533059,
rapidez, referencia, tiempo, pid,0.31098961958,0.33,8.01586699486,81.5586416464,
rapidez, referencia, tiempo, pid,0.31098961958,0.33,8.02860713005,83.0683299868,
rapidez, referencia, tiempo, pid,0.31098961958,0.33,8.0410451889,84.5780183273,
rapidez, referencia, tiempo, pid,0.31098961958,0.33,8.05375409126,86.0877066677,
rapidez, referencia, tiempo, pid,0.31098961958,0.33,8.06663298607,87.5973950082,
rapidez, referencia, tiempo, pid,0.31098961958,0.33,8.07866811752,89.1070833487,
rapidez, referencia, tiempo, pid,0.31098961958,0.33,8.09102106094,90.6167716891,
rapidez, referencia, tiempo, pid,0.31098961958,0.33,8.10389304161,92.1264600296,
rapidez, referencia, tiempo, pid,0.401003208658,0.33,8.11285710335,-10,
rapidez, referencia, tiempo, pid,0.351003208658,0.33,8.12519812584,-10,
rapidez, referencia, tiempo, pid,0.301003208658,0.33,8.13815116882,-34.4274982295,
rapidez, referencia, tiempo, pid,0.301003208658,0.33,8.15101313591,100,
rapidez, referencia, tiempo, pid,0.301003208658,0.33,8.1628639698,100,
rapidez, referencia, tiempo, pid,0.301003208658,0.33,8.17529201508,100,
rapidez, referencia, tiempo, pid,0.301003208658,0.33,8.18812417984,100,
rapidez, referencia, tiempo, pid,0.301003208658,0.33,8.20013713837,100,
rapidez, referencia, tiempo, pid,0.301003208658,0.33,8.21231818199,100,
rapidez, referencia, tiempo, pid,0.301003208658,0.33,8.22525000572,100,
rapidez, referencia, tiempo, pid,0.301003208658,0.33,8.23792695999,100,
rapidez, referencia, tiempo, pid,0.301003208658,0.33,8.25054097176,100,
rapidez, referencia, tiempo, pid,0.301003208658,0.33,8.26257514954,100,
rapidez, referencia, tiempo, pid,0.301003208658,0.33,8.27454400063,100,
rapidez, referencia, tiempo, pid,0.301003208658,0.33,8.28727912903,100,
rapidez, referencia, tiempo, pid,0.301003208658,0.33,8.30033016205,100,
rapidez, referencia, tiempo, pid,0.301003208658,0.33,8.31239414215,100,
rapidez, referencia, tiempo, pid,0.301003208658,0.33,8.32492804527,100,
rapidez, referencia, tiempo, pid,0.301003208658,0.33,8.33744907379,100,
rapidez, referencia, tiempo, pid,0.301003208658,0.33,8.35302114487,100,
rapidez, referencia, tiempo, pid,0.301003208658,0.33,8.36550307274,100,
rapidez, referencia, tiempo, pid,0.301003208658,0.33,8.37679004669,100,
rapidez, referencia, tiempo, pid,0.410600933532,0.33,8.385668993,-10,
rapidez, referencia, tiempo, pid,0.360600933532,0.33,8.39766216278,-10,
rapidez, referencia, tiempo, pid,0.310600933532,0.33,8.4091629982,-36.1757440704,
rapidez, referencia, tiempo, pid,0.310600933532,0.33,8.42125701904,100,
rapidez, referencia, tiempo, pid,0.310600933532,0.33,8.43356108665,100,
rapidez, referencia, tiempo, pid,0.310600933532,0.33,8.44615697861,100,
rapidez, referencia, tiempo, pid,0.310600933532,0.33,8.45893311501,100,
rapidez, referencia, tiempo, pid,0.310600933532,0.33,8.47101902962,100,
rapidez, referencia, tiempo, pid,0.310600933532,0.33,8.48463797569,100,
rapidez, referencia, tiempo, pid,0.310600933532,0.33,8.49751806259,100,
rapidez, referencia, tiempo, pid,0.310600933532,0.33,8.50956702232,100,
rapidez, referencia, tiempo, pid,0.310600933532,0.33,8.52182912827,100,
rapidez, referencia, tiempo, pid,0.310600933532,0.33,8.53468704224,100,
rapidez, referencia, tiempo, pid,0.310600933532,0.33,8.54756498337,100,
rapidez, referencia, tiempo, pid,0.310600933532,0.33,8.55961108208,100,
rapidez, referencia, tiempo, pid,0.310600933532,0.33,8.57197117805,100,
rapidez, referencia, tiempo, pid,0.310600933532,0.33,8.58467698097,100,
rapidez, referencia, tiempo, pid,0.310600933532,0.33,8.59682416916,100,
rapidez, referencia, tiempo, pid,0.310600933532,0.33,8.60910010338,100,
rapidez, referencia, tiempo, pid,0.310600933532,0.33,8.62198400497,100,
rapidez, referencia, tiempo, pid,0.310600933532,0.33,8.63424110413,100,
rapidez, referencia, tiempo, pid,0.310600933532,0.33,8.64643716812,100,
rapidez, referencia, tiempo, pid,0.310600933532,0.33,8.6592900753,100,
rapidez, referencia, tiempo, pid,0.310600933532,0.33,8.67210698128,100,
rapidez, referencia, tiempo, pid,0.3755541068,0.33,8.68060898781,-10,
rapidez, referencia, tiempo, pid,0.3255541068,0.33,8.69355010986,-56.0020269653,
rapidez, referencia, tiempo, pid,0.3255541068,0.33,8.70556497574,81.3520387271,
rapidez, referencia, tiempo, pid,0.3255541068,0.33,8.71849918365,81.7051044196,
rapidez, referencia, tiempo, pid,0.3255541068,0.33,8.72935009003,82.058170112,
rapidez, referencia, tiempo, pid,0.3255541068,0.33,8.74209403992,82.4112358045,
rapidez, referencia, tiempo, pid,0.3255541068,0.33,8.75552415848,82.7643014969,
rapidez, referencia, tiempo, pid,0.3255541068,0.33,8.76703810692,83.1173671894,
rapidez, referencia, tiempo, pid,0.3255541068,0.33,8.77934503555,83.4704328818,
rapidez, referencia, tiempo, pid,0.3255541068,0.33,8.7922141552,83.8234985743,
rapidez, referencia, tiempo, pid,0.3255541068,0.33,8.80387711525,84.1765642667,
rapidez, referencia, tiempo, pid,0.3255541068,0.33,8.81704711914,84.5296299592,
rapidez, referencia, tiempo, pid,0.3255541068,0.33,8.82935714722,84.8826956516,
rapidez, referencia, tiempo, pid,0.3255541068,0.33,8.8465089798,85.2357613441,
rapidez, referencia, tiempo, pid,0.3255541068,0.33,8.85844516754,85.5888270365,
rapidez, referencia, tiempo, pid,0.3255541068,0.33,8.87073898315,85.941892729,
rapidez, referencia, tiempo, pid,0.3255541068,0.33,8.8836171627,86.2949584215,
rapidez, referencia, tiempo, pid,0.3255541068,0.33,8.89649415016,86.6480241139,
rapidez, referencia, tiempo, pid,0.3255541068,0.33,8.90799307823,87.0010898064,
rapidez, referencia, tiempo, pid,0.479898969058,0.33,8.91788816452,-10,
rapidez, referencia, tiempo, pid,0.429898969058,0.33,8.93075203896,-10,
rapidez, referencia, tiempo, pid,0.379898969058,0.33,8.94223809242,-10,
rapidez, referencia, tiempo, pid,0.329898969058,0.33,8.95511198044,-10,
rapidez, referencia, tiempo, pid,0.329898969058,0.33,8.96793818474,35.4292494972,
rapidez, referencia, tiempo, pid,0.329898969058,0.33,8.97995901108,35.4372727577,
rapidez, referencia, tiempo, pid,0.329898969058,0.33,8.99223303795,35.4452960182,
rapidez, referencia, tiempo, pid,0.329898969058,0.33,9.00522708893,35.4533192788,
rapidez, referencia, tiempo, pid,0.329898969058,0.33,9.01828503609,35.4613425393,
rapidez, referencia, tiempo, pid,0.329898969058,0.33,9.03009319305,35.4693657999,
rapidez, referencia, tiempo, pid,0.329898969058,0.33,9.04243016243,35.4773890604,
rapidez, referencia, tiempo, pid,0.329898969058,0.33,9.05532813072,35.485412321,
rapidez, referencia, tiempo, pid,0.329898969058,0.33,9.06800413132,35.4934355815,
rapidez, referencia, tiempo, pid,0.329898969058,0.33,9.08011317253,35.5014588421,
rapidez, referencia, tiempo, pid,0.329898969058,0.33,9.09247517586,35.5094821026,
rapidez, referencia, tiempo, pid,0.329898969058,0.33,9.10520195961,35.5175053632,
rapidez, referencia, tiempo, pid,0.329898969058,0.33,9.11725497246,35.5255286237,
rapidez, referencia, tiempo, pid,0.329898969058,0.33,9.12950205803,35.5335518842,
rapidez, referencia, tiempo, pid,0.329898969058,0.33,9.14247512817,35.5415751448,
rapidez, referencia, tiempo, pid,0.329898969058,0.33,9.15521502495,35.5495984053,
rapidez, referencia, tiempo, pid,0.461159597274,0.33,9.16378116608,-10,
rapidez, referencia, tiempo, pid,0.411159597274,0.33,9.17665100098,-10,
rapidez, referencia, tiempo, pid,0.361159597274,0.33,9.18953418732,-10,
rapidez, referencia, tiempo, pid,0.311159597274,0.33,9.20170497894,-83.8273362469,
rapidez, referencia, tiempo, pid,0.311159597274,0.33,9.21441817284,54.669853503,
rapidez, referencia, tiempo, pid,0.311159597274,0.33,9.22695112228,56.1660432528,
rapidez, referencia, tiempo, pid,0.311159597274,0.33,9.23899698257,57.6622330027,
rapidez, referencia, tiempo, pid,0.311159597274,0.33,9.25115919113,59.1584227525,
rapidez, referencia, tiempo, pid,0.311159597274,0.33,9.26546597481,60.6546125024,
rapidez, referencia, tiempo, pid,0.311159597274,0.33,9.27885508537,62.1508022522,
rapidez, referencia, tiempo, pid,0.311159597274,0.33,9.29123306274,63.6469920021,
rapidez, referencia, tiempo, pid,0.311159597274,0.33,9.30315804482,65.1431817519,
rapidez, referencia, tiempo, pid,0.311159597274,0.33,9.31552815437,66.6393715018,
rapidez, referencia, tiempo, pid,0.311159597274,0.33,9.32850718498,68.1355612516,
rapidez, referencia, tiempo, pid,0.311159597274,0.33,9.34058618546,69.6317510015,
rapidez, referencia, tiempo, pid,0.311159597274,0.33,9.35273003578,71.1279407513,
rapidez, referencia, tiempo, pid,0.311159597274,0.33,9.36553502083,72.6241305012,
rapidez, referencia, tiempo, pid,0.546664369985,0.33,9.37470602989,-10,
rapidez, referencia, tiempo, pid,0.496664369985,0.33,9.38702917099,-10,
rapidez, referencia, tiempo, pid,0.446664369985,0.33,9.39996218681,-10,
rapidez, referencia, tiempo, pid,0.396664369985,0.33,9.4121119976,-10,
rapidez, referencia, tiempo, pid,0.346664369985,0.33,9.42442703247,-10,
rapidez, referencia, tiempo, pid,0.296664369985,0.33,9.43702507019,-92.1603726097,
rapidez, referencia, tiempo, pid,0.296664369985,0.33,9.44960618019,47.4879395872,
rapidez, referencia, tiempo, pid,0.296664369985,0.33,9.46224212646,50.1352517842,
rapidez, referencia, tiempo, pid,0.296664369985,0.33,9.47496199608,52.7825639812,
rapidez, referencia, tiempo, pid,0.296664369985,0.33,9.48680496216,55.4298761782,
rapidez, referencia, tiempo, pid,0.296664369985,0.33,9.49942612648,58.0771883752,
rapidez, referencia, tiempo, pid,0.296664369985,0.33,9.51169800758,60.7245005722,
rapidez, referencia, tiempo, pid,0.296664369985,0.33,9.52642917633,63.3718127692,
rapidez, referencia, tiempo, pid,0.296664369985,0.33,9.53689599037,66.0191249661,
rapidez, referencia, tiempo, pid,0.296664369985,0.33,9.54941701889,68.6664371631,
rapidez, referencia, tiempo, pid,0.296664369985,0.33,9.56213116646,71.3137493601,
rapidez, referencia, tiempo, pid,0.296664369985,0.33,9.57460308075,73.9610615571,
rapidez, referencia, tiempo, pid,0.296664369985,0.33,9.58664512634,76.6083737541,
rapidez, referencia, tiempo, pid,0.296664369985,0.33,9.59855103493,79.2556859511,
rapidez, referencia, tiempo, pid,0.296664369985,0.33,9.61125612259,81.9029981481,
rapidez, referencia, tiempo, pid,0.458997990225,0.33,9.62129712105,-10,
rapidez, referencia, tiempo, pid,0.408997990225,0.33,9.63354301453,-10,
rapidez, referencia, tiempo, pid,0.358997990225,0.33,9.64625000954,-10,
rapidez, referencia, tiempo, pid,0.308997990225,0.33,9.65891909599,-10,
rapidez, referencia, tiempo, pid,0.308997990225,0.33,9.67200517654,16.7409418063,
rapidez, referencia, tiempo, pid,0.308997990225,0.33,9.68413305283,18.4087931897,
rapidez, referencia, tiempo, pid,0.308997990225,0.33,9.69677615166,20.0766445732,
rapidez, referencia, tiempo, pid,0.308997990225,0.33,9.70886898041,21.7444959566,
rapidez, referencia, tiempo, pid,0.308997990225,0.33,9.7211830616,23.41234734,
rapidez, referencia, tiempo, pid,0.308997990225,0.33,9.73401713371,25.0801987235,
rapidez, referencia, tiempo, pid,0.308997990225,0.33,9.74599003792,26.7480501069,
rapidez, referencia, tiempo, pid,0.308997990225,0.33,9.75818896294,28.4159014903,
rapidez, referencia, tiempo, pid,0.308997990225,0.33,9.77131915092,30.0837528737,
rapidez, referencia, tiempo, pid,0.308997990225,0.33,9.78394198418,31.7516042572,
rapidez, referencia, tiempo, pid,0.308997990225,0.33,9.79540514946,33.4194556406,
rapidez, referencia, tiempo, pid,0.308997990225,0.33,9.80825304985,35.087307024,
rapidez, referencia, tiempo, pid,0.308997990225,0.33,9.82120013237,36.7551584075,
rapidez, referencia, tiempo, pid,0.308997990225,0.33,9.83323907852,38.4230097909,
rapidez, referencia, tiempo, pid,0.308997990225,0.33,9.84529304504,40.0908611743,
rapidez, referencia, tiempo, pid,0.308997990225,0.33,9.85830402374,41.7587125577,
rapidez, referencia, tiempo, pid,0.453225657188,0.33,9.87128901482,-10,
rapidez, referencia, tiempo, pid,0.403225657188,0.33,9.88256001472,-10,
rapidez, referencia, tiempo, pid,0.353225657188,0.33,9.89542603493,-10,
rapidez, referencia, tiempo, pid,0.303225657188,0.33,9.90847706795,-10,
rapidez, referencia, tiempo, pid,0.303225657188,0.33,9.92031502724,28.4993475437,
rapidez, referencia, tiempo, pid,0.303225657188,0.33,9.93270206451,30.6256023726,
rapidez, referencia, tiempo, pid,0.303225657188,0.33,9.94534015656,32.7518572015,
rapidez, referencia, tiempo, pid,0.303225657188,0.33,9.95735216141,34.8781120304,
rapidez, referencia, tiempo, pid,0.303225657188,0.33,9.96964907646,37.0043668593,
rapidez, referencia, tiempo, pid,0.303225657188,0.33,9.98255896568,39.1306216882,
rapidez, referencia, tiempo, pid,0.303225657188,0.33,9.99541902542,41.256876517,
